encoder_l_mean,encoder_l_std,encoder_l_rms,encoder_l_max,encoder_l_min,encoder_l_fft_1,encoder_l_fft_2,encoder_l_fft_3,encoder_l_fft_4,encoder_l_fft_5,encoder_r_mean,encoder_r_std,encoder_r_rms,encoder_r_max,encoder_r_min,encoder_r_fft_1,encoder_r_fft_2,encoder_r_fft_3,encoder_r_fft_4,encoder_r_fft_5,angular_velocity_mean,angular_velocity_std,angular_velocity_rms,angular_velocity_max,angular_velocity_min,angular_velocity_fft_1,angular_velocity_fft_2,angular_velocity_fft_3,angular_velocity_fft_4,angular_velocity_fft_5,linear_acceleration_mean,linear_acceleration_std,linear_acceleration_rms,linear_acceleration_max,linear_acceleration_min,linear_acceleration_fft_1,linear_acceleration_fft_2,linear_acceleration_fft_3,linear_acceleration_fft_4,linear_acceleration_fft_5,label
5.9628672721685385,3.439852320900381,6.883921127896688,11.799673188226896,0.0993861802431997,190.50234326953407,94.59706360548195,62.9559799545131,46.59790571879245,37.92841766086269,6.069686179093281,3.438436045104366,6.975953895271164,11.96683880952841,0.1206422653726029,188.7084339104264,96.50893365715483,63.156704068017326,47.420649672026656,37.90689764144958,0.34725445518142734,2.155841774391904,2.183629870847297,5.243522776785471,-3.805720292067999,42.21155582582614,14.05672921245758,25.771075199711493,24.09673461381689,24.540350472405695,-0.0029965694855019335,0.10059859599511768,0.10064321608966174,0.2463965281979013,-0.2705938263457946,1.2985822363935935,0.1548082221951613,1.1179563870509452,1.3515769581095018,0.38731914294273245,accelerometer_offset
17.8270608917574,3.45643029321639,18.159047618481814,23.73864034550824,11.921145841220468,190.88498610588798,95.27784694931402,62.8764130508543,48.020802135687084,38.52504633752015,18.112347234921447,3.497577758653078,18.446955644121648,24.058639397404413,12.08354985679087,192.48665100300386,96.95773662350976,64.96210232382406,48.44050517202359,38.49874771941432,0.2158789379782905,1.9836591295147832,1.995371458643724,5.994109841712878,-4.6416346975236085,17.657784042750865,13.487144054497529,38.42144383951179,12.981377536337948,27.482934470672017,0.016764499596051682,0.10276752671988336,0.10412594774996266,0.2763602526835826,-0.2751322852926829,0.4976952510639724,0.27340016222569324,0.8631486319286962,0.8335245662610635,1.2999743585885704,accelerometer_offset
29.752711900407473,3.4544091282337916,29.952575980270435,35.692507046616136,23.869027424068328,190.57055495354376,96.01026555288641,62.93868168271997,47.38628656881633,38.0367023470454,30.160891560048498,3.4894886939766225,30.3620801501214,36.12768630142192,24.18110030986117,192.9011229758344,95.3817978029542,64.4129192284787,48.15838752074319,38.783417507211034,0.22507478461091326,1.8945794047040385,1.907901931283775,4.419067722782694,-3.9687727193123847,8.850242823688085,37.89926123930275,21.86944259569237,21.724125816216954,20.76479316795158,0.19849010236682701,0.10295857510694033,0.2236040896889968,0.4315296082696725,-0.0472684886721105,0.8444627538834276,1.851076648578209,0.9876720448245261,1.7356240476242062,0.6659206416995573,accelerometer_offset
41.780910019660375,3.486495786374243,41.92612663887951,47.74224073780315,35.81544285300471,192.26351876890195,96.53489682391057,64.23269856518256,47.96886066908495,38.319506308548625,42.258294698190824,3.501922294225321,42.40314764913019,48.25110602103203,36.25341424860842,193.37019431759242,96.30643851448045,64.02266347312288,48.54189777232419,38.97620258029977,0.1833984444017723,2.3150925386875247,2.322345463555248,5.867707534480993,-5.77864940293494,5.686379235707916,18.883596868773115,20.7311473388088,14.933363175997602,28.051430188241273,0.21298025475289234,0.08657691283501204,0.2299046557828879,0.380877709189876,-0.0151652838172703,0.6928419278760277,0.2897157180064489,0.5240789249496458,0.26816029770695815,1.300682601922661,accelerometer_offset
53.73220920193204,3.4301590570455995,53.84158520025967,59.63058511293228,47.856704786615126,188.6170785485993,95.12453597027793,63.47337566112104,47.65935519951828,38.19749450866001,54.29267264773177,3.4691916640149776,54.40339689794593,60.18609255656845,48.38048709475297,192.1307795101215,95.05780142714246,63.32048740261594,47.77413845404328,38.41231070204976,0.16518078211816817,2.0234934017721047,2.030224184122634,4.640420091774589,-5.180191436563516,22.699905537062776,20.829686312517943,20.320424147352053,5.091673513042427,27.258943786216452,0.20039235953772294,0.10532987043377463,0.22638789580428498,0.4458561693525178,-0.0808423666637666,1.5727560153642528,1.316819693838997,1.4399418825506756,0.39122046375775155,0.16270164919554084,accelerometer_offset
65.68286434122197,3.4735915893354514,65.774649422075,71.666032075375,59.75023782661351,191.16990427225278,96.07805829826727,64.45037774937747,47.98860511563568,38.72975934198204,66.35670385358873,3.492877554139365,66.44856913373748,72.36404610076532,60.325568522912434,192.3580587420627,96.27285564593475,64.37503166229315,48.589748859932726,38.67411556321104,0.2515383123665582,2.1236920590845023,2.1385367624632474,4.298052746184763,-5.167540705605149,16.135099732476736,18.089369550179303,30.218251022458553,26.922817238198302,39.56378192078371,0.1938532381494408,0.08332262087519283,0.21100174665280605,0.4063171971471919,-0.0612845104880353,0.7645451292713772,0.85189007576659,0.18298446231683116,1.078297726896264,1.9950553057268896,accelerometer_offset
77.6635303024011,3.4108997502335003,77.73839576514372,83.53522197780251,71.77580900566755,187.57227059435283,94.50227097465465,62.91235761622729,47.0263544973368,38.12434707684528,78.32683574027922,3.4230130757859887,78.401595746526,84.2142925430433,72.47358057074119,188.65579965910382,94.1399407459367,63.473754758474904,47.30535275058838,38.23638383525471,-0.11001419125403801,2.3032315005282005,2.3058574256234206,6.476843174303784,-5.638635353316905,13.431043186781718,16.30018390206171,28.298825606356804,8.980031340269894,9.559292067029016,0.1974975502688073,0.09967504237156019,0.22122476451327144,0.4085196062958005,-0.0522674960158958,0.3641243324225652,0.7673810016935945,2.252229712735381,0.5022564303771407,0.6088918136154249,accelerometer_offset
89.57693564990568,3.44827541878644,89.64328197802192,95.40615612899408,83.65814908697176,191.18286081271418,93.95618484069561,63.15872131835591,47.43017924944885,37.77095056091956,90.2853411685558,3.453485407305686,90.35136629504277,96.2846897082186,84.34278593446858,189.5325640084712,95.63516615761701,64.53445358823379,47.60748457572778,38.832268512672854,0.36478885371263126,2.171635884921025,2.2020611536625627,6.017126841805012,-4.394854286019342,54.441690907408606,38.562399331017346,25.055745470481966,25.277914163461688,22.234183233634603,0.21181101019607645,0.11022459888820417,0.23877471859547422,0.5085622458110198,-0.0455394408393112,1.0986164085595937,1.7205103052555972,2.4569292663808797,0.7153943620386422,0.8470236658893568,accelerometer_offset
101.5108636852356,3.5052164925292226,101.57136401950103,107.55494036961548,95.53097436989172,193.06649153215042,97.27005965477254,64.21866471585159,48.569279122867975,38.70147027347086,102.32731182259145,3.4448064310025743,102.38527939203436,108.23826832374608,96.40233817849996,189.5599834355794,95.71650019469577,63.53052248566434,47.209516558644026,38.302307496788984,-0.3176405056621919,1.8866710783187077,1.913223261567141,4.55909946341812,-4.732948568681355,21.138692810453076,18.608151791702728,13.995008112820816,22.283230339966686,10.523294673347166,-0.008779928882394617,0.10882567711705111,0.1091792798619068,0.3071264659921862,-0.2388686447485948,0.7645322077850201,0.3839658105827109,0.7390992765374955,1.025282859074426,1.3039533268545225,accelerometer_offset
113.63833729978901,3.4849725654375194,113.69176196208095,119.62813365959842,107.67853940523057,192.3815573632105,95.90707690177948,63.91748656021129,48.163313786545594,38.746317541652864,114.34383929874721,3.4855356292901396,114.3969516385851,120.31057106421318,108.37339555058064,192.12936790987357,96.38246257530976,64.32464140907263,47.93076536252201,38.777559862331955,-0.020043516564128627,2.0485356239649666,2.0486336776519596,4.198964094115175,-5.651148858633015,25.453888341560077,30.543931092322573,26.797410390754553,25.473918931776808,0.8365730637574865,-0.009025549730673828,0.09425318686767846,0.09468433757836817,0.201827220354663,-0.2711701571639071,1.1721816748683942,1.2568767637402483,1.1918036164656518,1.2193893201277393,0.0656636923286472,accelerometer_offset
6.093691261420735,3.4177121947106874,6.9866894760959255,11.908076765027037,0.1417702327706491,187.86179254715088,94.82417738462847,62.879927412403816,47.55639740578992,38.1058691696277,6.10678390268272,3.5063776483791917,7.041838811497889,12.190484407554408,0.122992751644494,193.35273501028627,96.40078971554523,64.45463248170456,48.81692062847919,38.62687532468666,0.43692992184744406,2.188007192976208,2.2312066764693137,5.997138498485667,-4.745469697589971,22.86299357626001,33.52976141696371,18.2324945880195,37.33734547989043,21.7455769360202,0.027641413385249086,0.09143144123782325,0.09551835520338357,0.2397058626746256,-0.1933160574800277,0.18214067308993284,0.478196239189046,1.0852370835470961,1.165554230292558,0.6501304411230955,accelerometer_vibration
17.908564896421975,3.453284828882764,18.238472325245596,23.79674377700881,12.018570424046372,191.2894847282961,94.45801229370696,63.04146138004165,47.386419267688034,38.26643733603381,18.236052178730745,3.4247278704843236,18.55484734650928,24.12454799174875,12.308106890321636,188.43963233537394,94.61977378093084,62.9398620584949,47.724005616032244,38.02441019955883,0.10554291113703301,2.173094031137672,2.175655527480731,5.002735823191399,-4.464252119838197,28.295909179247314,6.57514702453281,7.045400093244309,9.306499093171048,19.410363942832895,-0.0009942412079082747,0.08801251951983789,0.08801813510754104,0.1933657260438711,-0.1795561842040821,1.034924600317803,1.646278901164667,0.43158968853417445,1.2391244837256583,0.6167155147458087,accelerometer_vibration
29.839512588379954,3.4267653005003718,30.035632704119937,35.686395359516105,23.921459918832927,189.00289558782006,94.16746071839773,63.35646448363458,47.4723237265739,37.93939723924747,30.136950994628208,3.4472775418502626,30.333472232884375,36.0788874178655,24.2499808011181,190.54919553058468,94.34431934652864,63.07999225184285,47.643036796272774,38.242866258311864,0.13317837019147505,2.018258593993828,2.022647826616587,5.040335828457114,-6.059451623428225,20.604392107861496,22.917717131110546,24.018558398248178,25.8641690503972,4.112264798444358,0.006051097401344534,0.5058924007248341,0.5059285887266074,1.2063391006542878,-1.123806544660017,5.602931986287973,5.742766916819208,7.0589296334250955,3.4886267177082324,10.018053810834687,accelerometer_vibration
41.76966717787994,3.4925711498082577,41.91542853636752,47.77194916050941,35.795587164119105,193.0637290376911,95.76193622596372,63.59519682449039,48.38363267929441,38.84322347730013,42.131127289961675,3.4510724308053686,42.27223424004957,48.05678639218729,36.20717030156027,190.1678503350372,95.022669065017,63.85511667546397,47.86344272623201,38.440280163155,-0.12604603241587517,1.9893115602936713,1.9933008017371148,5.107667684314573,-4.991491228003151,19.05494517832556,5.214702139609292,23.503785180358758,10.497399631336943,26.306157832364086,0.03385272566263631,0.5942646789697278,0.5952281207283334,1.3939565461433223,-1.7817477187829514,7.115456646511517,3.024995163261697,5.2336963627720055,5.46029099416944,0.20397728599790416,accelerometer_vibration
53.84137534251804,3.4683242875497093,53.95297000293419,59.81446534210314,47.88535582666423,191.41316457749187,95.31576698513126,63.537428515470346,47.90249890650552,38.3982040297099,54.11135215450733,3.438098749063385,54.220466200480224,59.98340641921309,48.18492209346199,189.65402068020512,94.56627947653865,63.18632526555047,47.90988758585246,38.34461195880805,-0.10396045089859317,1.9774485226682779,1.9801793946897823,5.153821260426033,-4.925135547687123,12.53389017872747,2.8061060939841433,14.082046403445664,31.76973154512022,20.106309013629073,-0.08760312668938569,0.4606134430363594,0.4688699731392128,1.0493054481295967,-1.5880671343030277,2.863353223818818,8.030580357201478,2.6507948582860745,2.69341951294897,3.5911585326892275,accelerometer_vibration
65.87238306287067,3.4493595257235543,65.96263284253646,71.7640022456323,59.9455005187062,190.0831649616276,95.58201879678246,63.03253206288658,47.72667730550486,38.66070252845584,66.01121883304695,3.462899928972702,66.10198701811083,71.96357437106748,60.12167389120487,190.7513416755264,96.08780827590532,64.14280433943398,47.65343295195979,38.46128398795172,-0.006098782312258497,2.1527551937786726,2.152763832724515,4.925562144058132,-4.519977050354882,7.108364143131908,50.38084476462409,24.448579894118048,19.147626408959155,13.463567910896016,-0.04766770506515802,0.439000023656921,0.44158037872731176,1.0407052159760963,-1.0170682512129727,3.0209187182874517,4.830063163682989,6.560732463619329,6.341985992523768,3.4224359710394907,accelerometer_vibration
77.83823618081108,3.4612299356546967,77.91515336830955,83.77220878928941,71.88606967773285,190.5022616984238,96.16449516653464,63.577702662710315,48.091997350575,38.54788316174539,78.13426695299904,3.49883509825122,78.21256624946706,84.02569858475269,72.08504204026865,193.3562427698765,96.26085026697804,64.5319047178906,48.09543584053033,38.41491796003047,0.06670278823540322,2.2031756479046045,2.204185154989991,4.693980409181049,-5.147828560924441,22.447594551944157,28.286622359094896,26.338856159585646,15.140917321256808,17.706459844777136,-0.026293332214032423,0.45733028618890026,0.45808550510198304,0.8445092803365508,-1.1563002306699293,3.0025330395334584,2.7934715303825097,3.790161254440962,6.157954915977106,1.3569738466660668,accelerometer_vibration
89.89140266316517,3.4886218698810407,89.95907266808786,95.86598672901134,83.90759885797614,192.11037747838608,96.96890185282598,64.31417684271776,47.42640700564037,38.810954678038854,89.98110727492796,3.4241734242636377,90.04623606826398,95.89503285905452,84.13134284299493,188.58871106621098,94.38191335406256,63.79986191655228,47.089073647144446,37.735396479610976,-0.41069162683643584,2.1387932427527145,2.177866880137129,4.390759761263373,-6.79546534419655,4.683986733370806,27.276598742703566,37.950543592323356,32.11705641493874,25.218129370880998,0.03872646564820087,0.4571198260241224,0.4587573154576668,1.3948099430150338,-0.987058443983314,4.220120637493122,8.300041625604955,1.5310477683270118,3.3781466933245516,1.8868784396513107,accelerometer_vibration
101.89863491308586,3.467043528238035,101.95759995202448,107.82820658563656,95.96620292021952,191.5316376990401,95.24956040582113,63.85203547832695,48.06000667568398,38.27622751009873,101.98305151172188,3.4988561781509113,102.04305361070838,108.029765441721,96.01166763783796,193.17114146283873,95.71607535638734,64.70209561504895,48.08804702174719,39.2580944785734,0.3126356968617199,2.0054866871493355,2.029708829188421,5.143521364151034,-4.383453651074919,26.211590589936446,16.465410929779583,17.686914486452952,39.5122039871845,21.075028751232534,-0.0012726922444084526,0.09933032949084397,0.09933848248442596,0.210538921386031,-0.1775716068491495,1.0111189162302605,0.7593940355454137,1.3411297433139073,1.803350559609326,0.9791202926670617,accelerometer_vibration
113.86884910865837,3.4659868246588097,113.921586461913,119.84189137334738,107.95113724453827,191.22100201796155,95.41842610025144,63.639035445256916,48.07875720724239,38.06416812942703,114.04727254791572,3.461131162709744,114.09978003722904,119.99893120342992,108.1553907203566,191.4377268606034,94.25923568935458,64.19889562837832,47.75571359152139,38.07941174362883,-0.09375186820304919,2.0622150582910446,2.0643450194756445,5.173756650740677,-4.337673189672932,19.011106551823737,29.850746218013985,30.817952469959152,14.107884043801473,11.806739715435477,0.0013410255721325942,0.10569675487962275,0.10570526165554946,0.3827528932270629,-0.1875180669496571,1.2601105175422975,1.0288628732193152,1.3279079546772392,1.0552740224799844,1.2375604805505325,accelerometer_vibration
6.0769244434370195,3.4547266549209885,6.990289475512719,11.975168585594895,0.1304337800436681,190.67146438713766,94.50959897767397,63.89359198386748,48.075035423511196,38.63137379273491,5.962663069329564,3.403578055200823,6.865689656268428,11.838867172315876,0.1200802683680688,187.47461445302775,93.94411009785186,62.34536774352324,47.607578636327304,37.58826113488943,-0.12583516668780179,2.138096007000794,2.141795747574471,6.459189832947757,-4.379934092707679,22.611012395111118,15.151866798874513,24.090015230519036,8.78090474458092,23.83783678015839,-0.0059794021187944925,0.0976273050323173,0.09781024454305064,0.3432867931717962,-0.2871499952143613,0.46498743733078984,0.8266937389954401,1.6346998810420295,1.7696329378815079,0.5434122547008963,encoder_drift
18.051257596216153,3.4575042772656857,18.379397069334505,23.980484708387447,12.100508110260025,190.83735369115053,95.11381102545387,63.424337457636405,47.488772091924,38.16903624762517,17.825765540247374,3.4362034461716373,18.153936521298974,23.706683230770626,11.951936257278764,189.69883064059968,94.1995951258822,63.62153580222713,47.779747843073835,37.91900283850453,-0.22904910062342548,2.4366656808514473,2.4474074304732443,7.056727488545241,-5.1377406040507365,12.171250714760738,9.023300043663808,21.59377936939625,36.714456418509116,21.555085693033362,0.010343511436614326,0.09291258299821921,0.09348655683166615,0.2433700883754703,-0.196511946968976,0.5237669437590565,1.572170934264312,0.02928826435991646,0.5779784959799885,0.9781917669477844,encoder_drift
30.529018510206285,3.7406001191310145,30.757325313618555,36.918866566493406,24.090899743534923,205.67629857266832,104.172662754741,69.32947597684483,51.91575812469121,41.24964569392044,30.230915586973097,3.701337922149936,30.456660349431594,36.62554030281947,23.845885694634443,203.32020844643074,102.727148492943,68.76138584408747,51.086967107370235,41.19317772411834,-0.07429528610765249,2.324204951202499,2.3253921055882225,5.20569810936364,-5.743783501586229,30.930340629640938,36.60733335454513,27.537683952402393,32.32377162312315,5.776134658738629,-0.023618943607318168,0.09136962245557134,0.09437299616309383,0.2709111326300381,-0.2513427367192564,1.1476689860720286,1.8784461651023665,0.8403632783688598,0.6061070858298708,0.5887706845094536,encoder_drift
43.58689666536215,3.8322650243933842,43.755043322274815,50.13184744942608,37.05387156514752,211.8290201004395,105.45611081943242,70.62739734002213,52.62420315171246,42.09248272293987,43.2102922120348,3.782739779812663,43.3755515618097,49.70372288943855,36.77033669496645,209.5716100324576,103.36764368677402,69.17962744600008,51.66858622613722,41.76070883436307,-0.1317651910631211,2.2396238310530268,2.2434965946478584,5.51055995053846,-4.9905843633924,24.381920756958003,6.14687384138169,16.272311252692916,11.60835949641384,49.16672179384121,0.021495230717004054,0.1036554062405627,0.10586070180417906,0.2196665374622498,-0.241912776198598,0.4750271414220466,1.1249532236545636,0.9215424723413137,0.8251241485133654,1.0567925038778556,encoder_drift
56.657310885634395,3.724227358390952,56.779580363088385,63.05694425767661,50.25463247948071,205.18303019959973,103.04169257679536,68.04270133443687,51.574398239959315,41.57614326922344,56.33672836709382,3.8103606066175773,56.46543908498522,62.82628668373258,49.84401381458862,210.2263774668404,105.14185059517857,70.54351877612983,52.712738005510296,42.30222669271068,0.31446933258879445,2.112602673229558,2.1358794479266656,6.75627066118821,-4.458088788756496,8.554208713628814,1.1981733646460084,24.853206624696178,6.518904594504719,9.348324643137213,-0.012996792123944103,0.10002395559057099,0.10086480207434868,0.2969375215464337,-0.272306841301999,1.3135804454717965,0.36939389461649663,1.8227634225018436,0.4960029495125779,2.593563660922515,encoder_drift
69.70869101903149,3.7700499111358945,69.81056424295149,76.17325794769285,63.20369326918609,207.65152206570892,104.28578815487899,69.51393477222263,51.94122218718161,41.61533541616038,69.4329791129758,3.783897811841502,69.53600844996348,75.93677254508646,62.96083064849857,208.78303833170477,104.311159681116,69.57328124207258,52.086666545515044,41.70000188364018,0.044800206397319665,2.3381803588469556,2.338609511866169,5.612735148764098,-5.598426803838901,8.685787069088676,1.0930603342828051,19.272242154026994,26.638806171387806,13.23891111274717,-0.010198039652513313,0.10289996253573426,0.10340407294981056,0.2778224252533597,-0.2323144646783364,1.185634424665498,1.2092111398901078,1.6957765775578333,0.1918194228962175,1.3002518102032448,encoder_drift
82.6896510390105,3.718037115259012,82.77319728598003,89.02986474928912,76.30446965232066,205.41000170788104,102.2894492507811,68.36711643977435,50.8180106746002,40.89976012190565,82.57213882844819,3.7480226985392635,82.65715809809386,88.97960119836259,76.07769190498244,206.3693990028447,103.85352884837371,69.08528168877469,51.62219733687344,41.40627706433341,0.1623377161026031,1.8000033761056033,1.8073089630887633,4.75180254092983,-4.601038029657946,21.87994626916329,7.6851543307199135,15.67056391909054,24.264111120823014,4.549714903037442,0.005929158610591338,0.09689906162043149,0.0970802918452027,0.2958659045876308,-0.2986340254424248,0.5714511394995004,0.8307843589030584,0.44388994501431317,1.009796049112374,0.4059498544599336,encoder_drift
95.6969745830057,3.8122202998840775,95.77287699529177,102.20380671480768,89.14744495479506,210.59503341210223,104.26974075405559,70.53568974362213,52.636710080372744,42.36352212266028,95.61747770306063,3.7791715671018897,95.69213227861988,102.05146029296142,89.11066824500654,208.40137504441856,104.38003923302463,69.51186202155354,52.16938082092505,42.10897729645189,-0.18699534968752843,2.090811356598896,2.0991568282735993,4.817928873651107,-4.4332102754410885,3.944474424826101,16.925882694458156,5.855630817906477,5.810025771520815,15.040535216054051,-0.00917276559933125,0.09651638086103108,0.0969512836596395,0.2187163294574549,-0.3303012159261368,0.35169131769753786,0.4578271819247834,1.3691237119562156,0.32509530170888956,0.48464191929840744,encoder_drift
108.30827251902427,3.4839898057313725,108.36429338588273,114.32196263322376,102.3150773103489,191.89846193021165,95.52156858683828,64.43410457994506,48.57705345698387,39.062005631374056,108.05318295551388,3.430874727785686,108.10763732602574,113.9095146664864,102.18221558808966,189.9361956263722,93.6816209612122,63.076608314197806,47.04192213831597,37.82409781046181,-0.4616402481674048,2.0432127555351953,2.094714797558319,4.122489305264941,-5.208758418659986,20.94205607694059,1.510955477322942,12.397661671502583,20.939544841640277,32.239138034720156,-0.004833844524958265,0.10463727610361298,0.10474886922194056,0.1990057842352738,-0.2749516259719718,0.8237020726304556,1.178969035488421,0.1256842814083546,1.5124282581914081,1.6117243022766008,encoder_drift
120.3968598117704,3.452885661443253,120.4463626346852,126.37977186132424,114.45672109094006,190.15846011252702,94.81125122358249,64.07395011492675,47.906960839900165,38.17646694110668,120.0081967628743,3.4932494898648274,120.05902749179339,126.02164118545488,114.03213397668222,192.78935385503667,95.975512995586,64.14480050041061,48.35157723550999,38.781544897198486,0.11395565090432339,2.3522213908369447,2.3549801192120325,6.400698657081371,-5.381549916721475,16.556354795477667,25.5158751320574,3.4065037227346595,43.45668637383254,34.70651995537286,0.008679365109071337,0.11166328453212811,0.11200009147853215,0.255882852468514,-0.2578252438501013,0.07214552569593467,1.965252423121669,0.9650730474215108,0.5926517478595849,1.575299332310882,encoder_drift
5.96604927890246,3.4247883451735626,6.879165589483165,11.80460689780358,0.1173838351159049,189.00073341577624,94.26451620797275,63.461297965358646,47.43021318922234,37.97681258407811,6.083784681388279,3.5106055484435137,7.024015045987379,12.055942946966232,0.115723479389156,194.608052934225,95.85269598314585,64.40616436309588,48.08302973628093,38.711549461623875,0.43023722465629993,2.0136592584409967,2.0591084669305544,5.906633039470456,-4.175440577634505,23.540666645426597,16.024524845025727,16.78485450831496,27.012340721495747,3.617064661901717,0.02064981322512018,0.09952717842428992,0.10164681023688243,0.2269521096156814,-0.2741382804077254,0.9185337977359428,0.33883526266039976,1.4167068376648946,1.3584831106391948,0.9081379538576867,normal
17.852378288821043,3.4555840217917604,18.18374195535208,23.79703560137059,11.915689512053472,190.35281134872878,95.54086659374218,63.43646701539146,47.99537741420379,38.27882728771087,18.159078217873358,3.484005822016976,18.490279021439644,24.131830040023107,12.18279756795931,191.87074595698655,96.482266805901,64.2658555539501,48.00334782747272,38.681943413470755,0.1954512498091845,2.0980782835529634,2.1071624699981064,5.411924621199249,-5.264675291890917,11.698082296222156,7.948136745490764,28.457883072000612,16.459727292577572,14.653369441874945,-0.0041480079465911115,0.10108539925228718,0.10117046956458829,0.2478143331678592,-0.2526980288500748,1.1981936341737194,0.8212573001754657,0.47579433851741193,0.6007769730455397,1.5635609138997584,normal
29.993505368036846,3.4930231862844265,30.196217896325614,35.95111753699214,23.928373395390132,192.4303857477246,96.14928065364195,64.96408733041712,48.2937605828833,38.57462161547598,30.145891555471543,3.4413936854606115,30.341686969787606,36.10234050825275,24.243815315195388,189.24306773112122,95.16552067189033,63.725346030963976,47.683981006157175,38.68484172761935,-0.2559875521437412,2.1064646640615483,2.121962065587525,5.111134784280833,-4.932591663975669,17.463275203051797,12.587697253184285,14.114341480817458,11.1383158660069,38.5505282659481,0.0018954676439208295,0.10305737402471297,0.10307480360620984,0.2148361233350258,-0.3080392614933129,1.4838899696285361,0.7975735897639457,0.9315413286268875,0.2968226299538827,0.8718873243511059,normal
42.11620560098306,3.5055418169647967,42.26184564893926,48.078777606915374,36.08020467831623,193.27625666510727,96.75924574272838,64.98931643077262,48.33849783114525,38.59317141832384,42.165200183453756,3.4474946651951313,42.30590178659802,48.05968046443384,36.239436395139904,190.65248159910524,94.15770515494557,62.96523769326338,47.79813113587923,38.43498494883284,-0.23930741621158463,1.904959113073466,1.9199315774098595,5.32902905127023,-4.789444611450732,13.003314537837257,21.70678975556408,30.65235250826513,6.360010873585419,35.372442070773225,0.007196638305751333,0.09899882689448444,0.09926005908414473,0.2875168140195083,-0.2667778930338833,0.5819168584231013,1.8164882052455598,2.257466629300045,0.8008519351948798,1.3656716381754206,normal
54.19886908857515,3.4792080311281257,54.31042532520228,60.110366940803054,48.18753721522823,192.04211215659677,95.6270197355368,64.05524911681913,48.03591299017119,38.67512356887839,54.023139541590766,3.422488239839591,54.13144217256758,59.93508552881477,48.17080870874418,188.35331228223637,94.29595325132415,63.724023296780224,47.67397170494402,37.98546851558643,-0.27059473374764775,2.1589575044733156,2.1758490333783747,4.000543789618958,-5.438880163201491,24.35673640305683,16.08574596764932,21.373407526588487,23.085915979086266,28.37690298540138,-0.008758309496374926,0.09154219051398219,0.0919602122079571,0.2748192841701644,-0.2504474042254436,1.1068184509443673,0.7073079134215327,0.34072988532087956,0.7570975103763607,0.28614885873324786,normal
65.68731746986437,3.1932416270061723,65.76488780858061,71.18307637833833,60.21965718564395,176.90309341402966,87.1232002429679,57.74242753020967,44.19318939750073,35.05483312862774,65.02458038201299,2.852137047307323,65.08710117675768,70.10990078189649,59.93508552881477,153.2345264283818,81.01648290003654,56.4279329110422,39.840787456972414,31.888810152976536,0.19958765839448525,2.1355605005481206,2.144866868802055,6.844811375810842,-4.123754812620356,26.248853383075936,11.119739440390884,31.583091764726237,3.7550752410388752,7.297902570677853,0.0013967484837229022,0.0994236792372081,0.09943348982807566,0.2128710990041541,-0.3318300466682343,0.6355374813729794,0.8787069411331042,0.925588376340345,0.6027454762717136,1.337609402820574,normal
76.36508957609203,2.985282331949553,76.4234179853663,81.42699921083856,71.31057949535074,167.3580528108933,79.66080516070372,53.26172652790195,39.49680249238092,31.811471747130327,75.62067681044249,3.069188429482898,75.68293518941415,80.80236106085682,70.24713258792445,167.547836419406,86.60086545933586,58.048054810460066,42.08196327393414,34.95212825526422,0.07323864751402889,2.1305413283744072,2.1317997681304566,4.982037926605709,-5.201506451098725,26.021004945606254,29.647938954628167,11.090856078564647,36.39292604070976,3.1696254584734183,-0.00831367774611532,0.09424100182126155,0.09460699584037788,0.2265210668783479,-0.2516307162127058,0.8908738422060987,1.2385012732611136,1.2658170925594443,0.7994278903557344,1.2023609915080098,normal
86.6740758451973,2.819767412963451,86.71993145685842,91.47187586525575,81.53687142906374,151.05737676757366,81.90235774758426,54.16230703316185,40.937828496145315,31.716710977189017,86.12105241606551,2.9690680286673667,86.17221729890413,91.03334523290243,80.91271289054355,163.32508583420173,82.36581410359253,54.53994446468182,43.0126852230436,32.78948252909441,0.1424655572069658,2.1063467856224216,2.1111592114978444,5.721288820765894,-4.177040761623242,32.34306838814048,18.158909316595107,11.633782626001734,5.738583474019279,26.466239732704008,-0.0027671213630433857,0.10096038168341125,0.10099829518510642,0.2481545737711883,-0.2229678591823184,1.626166765053087,1.493656344167247,0.9625657697868634,0.059174200984443884,0.43841670379031206,normal
97.45533179317383,3.4316707240355044,97.51573236599212,103.32802043240972,91.57960133666728,189.7036929078447,94.15505136031051,63.21982718430354,46.98412315167797,37.590613541760085,97.08246277217559,3.459138159121485,97.14406937489674,103.02111937906665,91.15041213266213,190.78326317240808,94.7058104055708,64.09532729540216,48.23422766945773,38.590692192951636,0.1958016629575534,2.150566878940427,2.1594620144870604,4.793287248006518,-4.170527032905092,10.493651206195807,12.066189188057997,24.084243529156314,28.819811372085702,28.86714972258936,0.0007835922802185133,0.0973260529550672,0.0973292073361032,0.2055648434905999,-0.191967449159127,1.0209198326382585,0.3323594468906439,0.9930212043896636,0.6353525651570705,0.8924166615819639,normal
109.41922717115284,3.4577373216967264,109.47384720616245,115.3405262130198,103.439977534553,190.07026395141702,95.53332437997017,64.39732210229356,47.965556997079446,38.67409650704377,109.07536118621898,3.4626741210335656,109.13030985923477,115.00986586641754,103.13599489033652,190.49484672797593,96.86332203929388,63.0408687107486,48.045666655716815,38.24535137498964,-0.03524937135467985,2.3681873301067666,2.3684496508600543,4.823857772161753,-5.139869334600634,8.782830849921005,44.69862423106078,37.32295124066197,12.331810190984278,9.679316805124603,-0.0009086454391596879,0.10492024491244821,0.10492417942982551,0.2932848410446099,-0.2506240059987443,1.1154084405414861,0.13537606301100719,0.5897111800291905,1.1681782501125768,1.907318379867148,normal
6.055898839789727,3.5004393106057914,6.994782778971832,12.036109199971047,0.1101384946410595,193.30069757190319,96.67497872212238,64.32661131954738,47.98702478146413,38.583735406323264,6.075024219294668,3.470386194105299,6.996391898775644,12.040637908612318,0.1347207035197541,190.83685330467935,96.61472382333406,64.2362497422089,48.10519417992989,38.00416845014812,-0.008512647981939183,2.0214971675348776,2.021515091095587,4.748773627090936,-4.616655126689681,23.441222525532737,15.829876223024922,14.442518533118763,17.517049902860464,25.065821013707883,-0.006527252752025405,0.09482099773112196,0.09504539251964958,0.281988040689645,-0.2686506080700001,0.2999130193879893,0.6691015675801788,1.3625316533145642,0.4919943281507078,0.09081689097189306,gyro_bias
18.130507757833534,3.4695693907562375,18.459502249901934,24.136293920737536,12.177874679108347,190.38631402276016,96.67666421657832,64.39966492102118,48.269335330962974,38.734680645574905,18.210528031870147,3.5083534336533093,18.54540037354156,24.23529954982689,12.151183606951198,192.72348992624237,97.83608846801397,64.6830984103449,48.52245969166268,39.159026798727076,0.14381480179155404,2.1539067376338954,2.158702603796789,6.055422529402243,-5.820604219644625,22.45349216682149,6.322324838146966,10.579975899386573,11.395092500555899,14.067566154634271,0.004675600534771878,0.10680519143763041,0.1069074841084086,0.2901774805050608,-0.2248666453817349,0.30592511731058286,1.5763768294000686,0.7203721931410683,0.8410840715486644,1.5740598816499818,gyro_bias
30.293173512369563,3.50374501338413,30.495124045810062,36.28831709463653,24.249211447536307,192.92865339306653,97.03912961339309,64.58549400163594,48.37687764258995,38.70448925296781,30.295514568554932,3.4725106698040302,30.493876980886284,36.295115674598726,24.357967569867835,190.8182050861634,96.71212309428982,64.34855428273265,47.90846649091001,38.4671656769528,-0.11792440259342774,2.3268082172505813,2.3297945498674015,5.183666153498149,-5.290803390655913,27.309345415416125,12.840219248001144,28.156225123223777,4.285377010121619,6.025490396367388,0.008126317946075875,0.10017208673812292,0.10050116419639492,0.2942937083665508,-0.2638572707983204,0.5763469499257644,0.10577390254436211,0.728217194811043,0.7429558642827281,1.4939308676563998,gyro_bias
42.44479564778258,3.5344067613036234,42.59169765032113,48.49894874542783,36.40054161137389,195.32949501455107,96.85852982610044,64.97380067012574,49.04085620726053,38.90819147290948,42.35151289843423,3.4440856911454247,42.49132112601576,48.23651167215653,36.41184440281215,189.14153919050307,95.91861615756207,63.82555942804318,48.16609829047026,38.36920858932494,-0.36596162135995086,2.0908866633766285,2.122671653222574,4.3809907986511885,-5.9490680734303,24.631012849556164,25.265185052241414,1.7764959435647492,8.50270290635773,14.7656385535999,0.010180829781535148,0.09370413450048151,0.09425557870770794,0.2587647185554046,-0.2876536669674294,0.4295483121001885,0.7691346819691631,1.4605591925509749,0.4640252794803519,0.8584149264881714,gyro_bias
54.66252002975832,3.5501721061861056,54.777685401879374,60.76656272671769,48.62301131370214,196.48861254292865,96.97114561340295,65.32425568070285,48.95494009475587,38.95459249033881,54.39474008694548,3.494309635279859,54.50686148507877,60.38121119126736,48.36989053666016,192.81743356144534,96.49795049294522,63.72032793639958,47.98847093307956,38.804681304959146,-0.12345037740679937,2.1612028569919977,2.1647257989759936,3.772391586068801,-5.909231171753987,17.73981521574813,12.303829298801011,28.013491797448676,38.940889028507016,36.23298198297787,0.0025846576409607317,0.086001191050578,0.08604002160180456,0.262786822326548,-0.1777751342748557,0.6487527165777957,1.6387793393175276,0.40054811124923184,0.8913117290478154,1.360113044455209,gyro_bias
66.89776546335482,3.5006377631523162,66.9892938366933,72.91652536519953,60.88160906534086,192.72918939333005,96.40000324380063,64.85024907621113,48.805335102002644,38.78270493420394,66.4379555768486,3.463719258593505,66.52818419537437,72.3715105938103,60.491490685444525,190.8721743510212,95.75896473180902,63.844005952250384,47.6579360944626,38.39799165246653,-0.12577464397577315,1.8835764910726882,1.887771082199569,4.1846944797467325,-4.338565335476117,13.727585231349673,26.226250717918116,4.224727678592259,21.551965920364367,6.108500344052523,0.014713505192307734,0.09708328595815863,0.09819191233231819,0.2837133079490983,-0.3120919518370479,1.7310358930889276,0.18948860080589952,1.164699800165429,0.8425845645764676,1.459204359157704,gyro_bias
78.96542984105689,3.453247143553751,79.04090096789976,84.91751889537099,73.03201964314526,189.87279630125911,95.96249923673584,63.28086721589873,48.342322641143994,38.463576207792705,78.45011998464221,3.473837296901393,78.52699453799377,84.41325886347542,72.49566680329266,191.38571935847222,96.06755794743792,64.19952566480005,47.81414427720762,38.44526511905982,0.2923611066729503,2.1234741675713256,2.143505903196389,5.017891081160726,-6.3141063735769904,13.556711401336138,7.744251741249632,25.227105493751704,38.027422572338736,28.385824467393416,0.01248735770033777,0.09472160383647427,0.09554117612678922,0.2387420980361709,-0.2375263419876365,1.3804213652034911,0.6412789922243594,0.8871053396103555,0.9472663368490966,0.9232590098664527,gyro_bias
90.88271373189616,3.4022391070107103,90.94637368369924,96.7146975287814,85.02787874663507,187.67008170121935,93.6799469131251,62.77948269470212,46.97242866158252,37.472222557114605,90.41966646432407,3.4513533592054313,90.48551223002337,96.34479690923403,84.54490653450671,190.4245620893461,94.9496956991106,64.13210943014262,47.628072432085034,37.944170930426765,0.43056019523254,2.10159303274841,2.145244824493312,4.6713964635007095,-6.04727008900385,15.87462588842246,14.926063107270945,26.209030804221765,32.991447371741515,10.115839664437418,-0.0037666647206403715,0.10066148410123775,0.10073193209991285,0.2109822626789587,-0.2286357038632208,1.7836066357306666,0.9489438529870783,0.1299468876067513,0.6437964721766593,1.159730013921375,gyro_bias
102.7476746955423,3.4592193411810386,102.80588919799969,108.71517298610198,96.8297774571526,190.8175873754341,94.90294219775049,63.63943396573348,48.15118038673595,38.41345560104799,102.425781257368,3.521722644944208,102.4863073613744,108.48132599930533,96.47430621497512,195.02006778448657,96.6688476509921,63.65654719601666,48.82346515485386,39.01071104327631,0.17839504716794533,2.2400307171348337,2.247123140052999,6.109668443436817,-5.033160495364552,24.82152396882804,15.795937785495916,19.347279166025277,4.531907448826414,15.178770869854306,0.00774005644986309,0.10265180021395832,0.10294319094050602,0.1984583568012302,-0.3251122384964353,1.3792789296850572,0.5587425416846785,1.3915568183495823,1.1272225723262321,1.3134887854741868,gyro_bias
114.70767373030782,3.4227254912424856,114.75872717317473,120.5996852032027,108.8558223351646,188.89359891690637,94.41692182216718,62.82806964402677,47.23315267756538,37.55959664499677,114.50064559598682,3.475537219302227,114.55338144664495,120.46271639102868,108.59532902796607,192.52693190846887,95.16659880389759,63.00353319636761,47.76349372632016,38.41037052598258,0.10474960807868819,2.1356881420685525,2.138255438567821,6.414140168360039,-4.492683584448328,18.236789474002475,12.53854023915694,22.412063427814758,4.653341168373574,23.59161085729697,0.004300493540513248,0.08924301844248034,0.08934657567818076,0.2549178982537223,-0.1857692135129754,0.9088866651052643,0.6667618463596329,0.4395124735961688,1.1902657796285923,1.3055196069886548,gyro_bias
6.051928478387509,3.4644659513597116,6.973403948979903,11.944364486891343,0.122570368351638,191.6693663023981,94.8212798757389,63.75570377165601,47.94399449609675,38.071014288272025,6.061754833868571,3.4799111412269745,6.989610376606454,11.993511369593213,0.1190958273762881,192.34161144014362,96.3067536826543,63.63814959640329,47.488621293990626,38.35372730988936,0.10410897618166289,1.8996878833848725,1.902538497166586,5.988821759730744,-4.415051894284935,4.765436400890176,29.583830780753257,21.06597296021944,30.054976987239062,12.20075122278452,-0.010970217412053382,0.08929095839066373,0.08996233056335835,0.1887125969245228,-0.2188481648120884,0.49866007182595645,0.33815358546201596,0.09303535626176211,1.6857539014027916,1.9291831837891762,gyro_noise
17.830433911457334,3.3996829914413653,18.151645047023795,23.737805754813923,12.06284968591968,187.68169995691744,93.32008165175549,62.863684330537964,46.93116172539918,37.2563189719546,18.060132774763787,3.4668340272012412,18.389870418636928,24.033724077266545,12.11806094438453,190.96830292633922,95.51968868124918,63.73540382095923,48.431237635600525,38.55691829605678,0.38893752201296605,2.1361242791695827,2.171243729314458,4.971761364740586,-5.522276668057541,9.580296286574242,49.917437362477756,23.693305895200844,19.037267021275344,33.46147558175522,-0.009895420609123825,0.10600653240402243,0.1064673859045883,0.2254486269334096,-0.2736907306679372,0.6087171493244534,1.5752172836751972,0.349970390226993,0.821337234439505,0.3912844098989675,gyro_noise
29.69947828612521,3.4261542098996203,29.896446998565487,35.633317023659274,23.859096548942432,188.7725476589896,94.85468858232156,62.933438195685675,47.44232587763255,37.86879764149598,30.099718587231127,3.493574291582966,30.301784111852495,36.008954334477735,24.14386033694888,194.4694930960489,94.65753080901419,63.01318566844373,47.66414770844821,38.24805778252832,0.06502524000039835,2.31271344382461,2.313627401956546,5.374831860982778,-5.157669863261936,63.0048200092098,18.43549516558736,10.683650572000538,12.730804748001058,10.98589335551276,-0.0026600628219851986,0.09555385018241198,0.09559086890963876,0.290203868250303,-0.2423692618686361,1.4464556078464181,1.418911449995947,0.7783646644973657,0.5088678221975231,0.5504207848108268,gyro_noise
41.6001736108478,3.414495609698939,41.74006737801618,47.47772938334845,35.7679209076226,188.27559885881806,94.05251950811159,62.80610765682029,47.18205234820879,37.72006241506812,42.08832697944481,3.5047677534823265,42.2339989218936,48.0406985688276,36.11937652644881,194.05332776860095,96.1101016983818,64.49172630371194,47.885477427471436,38.788147741680945,0.389046957478058,2.195881980389448,2.230079641385486,5.576920131703052,-5.239837008808804,36.592969051083465,22.0936105193661,18.68097917544475,2.3189296988566226,21.346547814327558,0.002399701326119298,0.08669467772196293,0.08672788312745558,0.235890647668744,-0.2800930621539306,1.0412187115668219,0.5623655705545793,0.5492526944437284,0.5213935799305792,1.4482487861306041,gyro_noise
53.54875550511577,3.4424085376809974,53.65928990106898,59.4482091872084,47.5965022619733,188.67259201012257,96.43041137323011,63.66105887875625,48.23693144314854,38.32582607915204,54.088978852773614,3.4353131463973163,54.19796130621153,59.99655849001709,48.15649019237875,189.04250507310573,94.91591057680772,63.49110284939723,47.38323267099921,38.503813127933114,0.05598285736936266,2.197732240187107,2.1984451505273173,4.439230040226082,-5.965584245579043,9.532109417359115,29.141305126464243,10.086586286212759,32.281697424218486,22.2314219762465,-0.004054505645923872,0.09175923212661762,0.09184876535097967,0.2776197423720764,-0.2417394347974009,1.0471146554264525,0.6465061480597192,1.6027283099146028,0.27205708470551043,1.7750304940044392,gyro_noise
65.47239812747607,3.4605360852483393,65.56378746350794,71.40929690548901,59.588337610427786,190.5521595812257,96.36692076860481,63.619563629637334,47.94847469577202,38.21600686858965,66.11445916890497,3.4993047712661216,66.2069999703884,72.09493435728533,60.10553275078398,192.62401286741402,97.03239420327776,64.50767701556762,48.57618955544798,38.66786213020252,0.2157380896435032,2.1844202859692836,2.195047814758748,5.435166607294531,-5.076422759510254,15.745214888605608,32.04751439087107,20.9720760849381,12.443571335437314,8.599216226372963,-0.0010966423433989955,0.09697903929396476,0.09698523953060949,0.2632422265451001,-0.2761553480994278,0.24246944598610062,1.3187091333270542,0.12468667476153174,0.2573866701763661,0.6337227001780994,gyro_noise
77.5457055371633,3.544703741837251,77.62667951080886,83.59021366894925,71.53099119405154,196.42059642647644,97.17459795600917,65.04245423245546,48.2223454272173,38.912605378756716,78.09608840894052,3.40915708769527,78.17046358328469,83.94258668709278,72.22653499951616,188.19744811970062,93.34766458007188,63.04670431055662,47.238608531627044,37.72780246722191,-0.5699334913012624,2.1024397623221773,2.1783197971602286,3.6118873662084368,-5.399695798497197,32.87489271658365,22.54481384691433,6.3308777345516765,18.829812451581166,26.9321449109388,-0.006527268942539299,0.10330420746404033,0.1035102145665911,0.2507939747298748,-0.3361600119875099,0.845397119084398,1.843824319699573,0.892428571225824,0.7208598658153463,2.023513451262835,gyro_noise
89.67448910348294,3.491703697601033,89.74244252683631,95.65598194449174,83.70655060960719,192.6798915088566,96.12650048779494,64.5174513289229,48.735854681399374,38.27438084014051,90.00853234138158,3.4986115742157122,90.07650180372666,96.04302064630812,84.06062283971016,192.86300506995266,96.8083437607176,64.34900284546997,48.02778646419008,38.9870649157865,0.07089305021816937,2.392948780288697,2.3939986820494275,6.637376611339663,-4.565189067328479,26.233535133301714,10.56431324090227,24.01241796477135,35.71928711006511,47.37813727286459,-0.0030063194223033884,0.09883054587731534,0.09887625981436117,0.244106023605726,-0.2039023484312132,1.3654042836954627,0.22100987095583455,0.6407630882678207,1.3741315657295126,0.6579079040038817,gyro_noise
101.74056259392141,3.455432121700709,101.79922439820116,107.70655708693224,95.78554520288904,189.62116311582574,96.07391674664042,63.79450927444666,48.48834980574851,38.547199638803704,102.02741513571779,3.444404400924733,102.08553943117118,107.95492083032136,96.15213876179784,190.13125149830694,94.94951609325129,63.09269892438444,47.620365182063644,38.11537456688187,-0.2463879855871579,1.9923513063802056,2.007528522207495,4.135823832107551,-5.620755912542453,30.020108800752386,10.55864246331056,20.10044486183973,11.354588259712456,6.681330231874043,0.009507448999334289,0.10126574939440951,0.10171107897808522,0.2438705294358172,-0.2608303563962827,1.1771649646624545,1.5777324054383837,1.5031514594374347,0.3261203564999036,0.7391853346510567,gyro_noise
113.73702332127608,3.5076368986021254,113.79109802878665,119.798700039239,107.82239638138488,193.75385274404135,96.23352607883929,64.91060698412426,48.352292641592406,38.81305716703008,114.01807572765858,3.4600934729995023,114.07056517559636,119.96374335465188,108.09944391889782,190.76303973942345,95.56774991381644,63.896107216749904,47.703119764566615,38.1676868835437,-0.1929309006237952,2.0545559093147396,2.0635945136861618,4.269987285226102,-4.801620188746765,36.90853784883262,8.037512893073375,18.888484843410385,10.044832296559836,21.73902181387325,0.015390891833917494,0.10427997099963346,0.10540963856843333,0.2473583279930142,-0.2389764522627986,1.2413973044530848,0.9163916002267753,0.22145315510180646,1.512653068670888,1.008094440388708,gyro_noise
6.09970029523097,3.496264251997723,7.030661946889352,12.056830710584071,0.1254471586900817,193.7627925120325,95.23234566267104,64.05393965687097,47.853824139055696,38.762563153749475,6.030763195802606,3.4268469057904314,6.936381220749961,11.906121818882394,0.1228410771985026,188.55799368341994,95.47505209209518,62.49839660843989,47.07709836061092,38.354428109719606,-0.30044109440754296,2.1589837729850454,2.1797880133677094,4.0194761625090285,-6.917771982639287,35.24648214236458,29.43954162515904,38.395105171713254,13.734869054395329,9.3480510698732,-0.015513833925630367,0.09768789509904732,0.09891210184782503,0.2008467700541331,-0.274819092244461,1.3011820440974942,0.1442733232755256,0.6626864472697073,0.4783853678280005,1.026849401523492,overspeed
18.139060925705554,3.481894755770626,18.4702225854677,24.09391283967833,12.167374626225136,191.88757758847538,95.97101056677198,64.4377291703919,48.52966078236577,38.62855865577697,17.922683981464516,3.4283102153588447,18.247627572705948,23.821415722997628,12.0285234736354,188.8253738639022,94.50108810114135,63.226936333375996,47.78743331857179,37.860175045653754,-0.17456362578243279,1.990939267407284,1.998577400540335,4.411299916509623,-4.814023838223891,7.4091181201203185,25.99620274963619,20.334444105231473,7.170305978354284,23.680301956217534,-0.005814440126579571,0.10033257491533386,0.10050091195171644,0.2521451953802848,-0.2760140712151108,0.866331642947692,1.295726957705465,0.8499208263713743,1.0811646539134279,0.3620103901464546,overspeed
33.03695218223225,5.211219973871113,33.44543351650825,42.09391586226512,24.204969521930867,286.144476707711,145.68233893052528,96.11698927412894,72.84784376050027,57.7878740486797,32.71049155609794,5.142312853530976,33.11222794263691,41.42865407950282,23.950311835662944,284.6531960121428,142.02567547871672,92.7035702505918,71.00747818533515,56.83197782189321,-0.6919448244234243,4.331362183440803,4.386283849021566,9.6682617975618,-13.559242305368866,60.94172582320144,15.161986987420436,37.59087887002564,55.1570520020262,59.51292082602959,0.0006465335920898336,0.08531091083591352,0.08531336069654558,0.1992509173589117,-0.1865850669519117,0.9340716918319721,0.7280200082059658,0.478337519114925,0.6362263115755873,0.7159647973932763,overspeed
51.19611797752099,5.244467021158425,51.46403530917748,60.19841620422969,42.28395283122236,290.3810106370785,143.73032596202822,95.55491961722247,72.43226486761847,57.59112633913535,50.53710333623351,5.241748804206115,50.808215321378285,59.624575572683646,41.62918003975141,288.6900524572349,145.12622952796093,97.14838609375485,71.4248290480594,58.2226610786763,0.0553111106135466,4.306567531554293,4.306922709173564,12.63491582675657,-8.014229710019878,26.469635150651577,27.66580877364815,43.2345674829835,48.267407174839015,18.70749196110743,-0.012090083184106348,0.10354435864014486,0.10424780245932072,0.2168546179114989,-0.310464397911547,1.4783533553981132,0.5907567629640528,1.5927757896140966,1.3848437929024233,0.5628416345010707,overspeed
69.32113019214808,5.220553430079941,69.51743140560546,78.2231459569963,60.38684622348555,287.95145674244486,145.0720987509103,95.334178636985,72.05925636017474,57.50814179461992,68.7738052713098,5.248242071433127,68.97376556587584,77.74183435315125,59.80839066639516,290.01263088696777,144.5696971526044,97.0711230080456,71.52961012392748,57.25256536118363,0.024029498967281255,4.98959487154531,4.98965273330438,11.63610540172782,-10.02533359726889,15.89808697362824,37.71824408798987,56.75772573508259,42.80248190893598,31.934898270093377,0.013480372203748522,0.09690615804709066,0.09783927586710414,0.306411695593218,-0.234384766844521,0.8127202117022633,0.19748582732311565,0.6149794142797408,1.3943606737587766,0.8908835290250704,overspeed
87.15874837159988,5.115473271964374,87.30873658746897,95.94645738807144,78.39157423777073,282.1190545768102,141.144214608527,93.7750402021491,71.01347093018093,56.699447834658685,86.72946886050427,5.208737003751773,86.88573939375456,95.71882768831831,77.89858728430364,287.20687452371465,144.47167660792587,95.24034420783717,72.13597781768841,57.6663674223388,0.3994016653353083,3.6726095143274327,3.694263436058803,10.787193047422631,-7.961594179181297,12.483831342639082,40.77436230467152,28.473913483757855,3.401732624990351,10.847106237218265,-0.006316466810466817,0.10209255922188702,0.10228777249232794,0.2360357948461433,-0.2555859121218511,0.947777663063537,0.4923926653493317,1.0350410268341144,1.392153221857299,0.6294450216331725,overspeed
105.13319001616621,5.230735700867989,105.26323308234286,114.06060313360396,96.13033047392877,288.30835714479383,143.9742756856049,97.13585660758399,72.1846696092013,58.118301044763705,104.84625531492038,5.177782030573493,104.97402859906637,113.6866096360089,95.89857043607768,283.7028368902955,146.120947167448,96.0971085495582,71.34948663660367,57.07811103059431,-0.09452223062462053,3.8278131974051037,3.8289800634517457,10.644111007983168,-10.094843050180678,14.156273991119757,93.30994765115322,1.124326470252215,18.525510638129376,46.28417745513588,-0.014426134827079346,0.10452616715623075,0.10551697961191538,0.2300726413699365,-0.2920207652358806,0.4016801119091795,0.8663182332600006,0.7069138571830486,0.8596804583198097,1.7256961520440746,overspeed
123.26611068349425,5.224930580686507,123.37679661349799,132.16873714739663,114.23673895097546,288.70003149730786,142.6857115599478,96.91673387540602,71.66445134805987,57.95709413936235,122.61963291025614,5.125973275926467,122.72672886161142,131.5377819568998,113.8746716145114,281.5640599289808,142.9794799386711,94.71298593289683,70.01000037634701,57.538369784631776,-0.404555961769578,4.389944786937288,4.4085463316790925,11.10756073093864,-10.072877972546465,83.14409386529309,54.00690719055861,44.5363760619111,29.41338539837329,44.01179356146015,0.00046397639591084784,0.10383180222414608,0.10383283886714333,0.2583756494766558,-0.3101987687012796,1.4481246184860281,1.7280269549588754,0.26766125669952834,1.026760109588478,0.7033586700475012,overspeed
138.2341359038711,3.4542764923384985,138.27728792240404,144.1776554980147,132.285749629148,189.95222016368038,95.74702652414089,64.14654051588731,47.8991491433159,38.275119278816625,137.67846632526243,3.502173941924105,137.72300211655246,143.67582386980396,131.6725108763761,193.06425791881995,96.72614769746657,64.57317287433865,48.283321667020985,38.845982800876506,0.20734532933844055,2.478320043903099,2.486978553508318,6.670653101886696,-5.924636764837447,14.488321828887994,11.542638785705108,17.88239628325239,30.47760803290561,25.41871088649627,-0.009978812828099377,0.09758724575563005,0.09809611225542007,0.2137128008587432,-0.2617840254273612,1.3634155936377659,1.2534482708075931,1.064517591917904,0.2900990729596053,1.4499952675051333,overspeed
150.21835441955244,3.47343953691947,150.2585065370174,156.2146004840352,144.28497800952428,191.0106135955946,97.2868860132095,63.12846976092464,48.1079810711221,38.08967448677642,149.6968405220747,3.4837058905600276,149.73737098341013,155.65933631809156,143.7947530735458,192.77781013287137,95.94524560453463,63.18448085101143,48.17761947881248,38.2565310436839,-0.034220883628683446,2.30999196009925,2.310245425187442,6.34869383627001,-5.033788587025053,25.114713955720173,17.661459859394242,17.841260794657984,12.617306999995279,19.849577284897627,0.0024104924799521737,0.10437238744496968,0.1044002190369291,0.2477413259610183,-0.2996365610261331,0.3388944764613883,1.2420702856964552,0.7915629327009783,0.2649231790696807,1.043603567987802,overspeed
6.13447555827288,3.4997992913094222,7.0626047216658865,12.087279572672196,0.1255127586083178,192.92757575142298,97.00323099422758,64.41175040631497,48.26906996081833,38.52757191301621,6.078219315527411,3.470031508446079,6.998990549876395,11.999508203087183,0.1203335041818262,191.4149670415284,95.62504828592974,63.90927888550192,48.075059482237755,38.51538186969822,-0.1547699437846452,2.0755324045647123,2.0812949089202326,5.544636221985958,-4.476605466856815,10.536363732331267,17.725362177482474,8.414649627068423,8.706914113271473,8.226147847280266,0.010993079640950993,0.08633191179983976,0.08702899973576396,0.1928180488130043,-0.1995482864900186,0.7779410900299634,1.077051757001027,0.21421824262598085,0.06945259835337433,0.5989278358717577,partial_stall
18.16423975019466,3.494536038492883,18.497334614124203,24.16043081840804,12.21784059337886,193.19752702789222,96.30690485686429,63.66794166292596,48.07364685959295,38.70061027096912,18.00348871177429,3.411215426800986,18.32380955159241,23.84080906663477,12.12665466989923,187.837474884941,94.6143520417833,62.348001492714964,47.410876046146576,38.016658040744154,-0.4110259491477295,1.9966122460193114,2.038480510534028,6.186774970338769,-5.551605181331014,29.015784530680385,10.05053734465313,15.124905865146312,12.911918851445135,1.939928191274674,-0.01643848427055589,0.10183116207258909,0.10314945144869761,0.1962353591371666,-0.2385227930234226,0.32453902533134477,0.7527042724032738,1.2071718161225795,1.558559365550489,1.5627290154896867,partial_stall
29.67748679364792,3.1324395142213977,29.842342396289904,34.97783913808286,24.27250361090717,172.6029100130077,86.22726699004741,57.836154058770354,43.69987743541001,35.14222607678645,29.28119687132614,3.0341998809875723,29.43798327221389,34.646215947703375,23.96939086655932,164.9690849545104,84.03780147167387,57.93303581687194,43.18972637682262,35.03145791111493,-0.06475143749174245,8.704146974543628,8.704387818974649,21.557224726054997,-23.30919281055673,84.10715008685965,58.922663872122236,8.199832618086885,142.34603058875706,70.71385222549102,0.0013690642842973352,0.10630743221452513,0.10631624749331775,0.2446386401733282,-0.2871899495302703,0.9733481273949125,1.294295673111364,1.3027157726931178,0.36627136513855524,1.1062247950103297,partial_stall
40.553591729879784,3.057327893779388,40.66867413678316,45.748011580312046,35.084906632756955,167.79015308446657,85.00115698170293,56.20130076922527,41.34850593690461,34.42699178276046,40.490367685090334,3.3991071314747296,40.63279223195287,46.238883258970766,34.75129128337903,188.233488363681,92.43539070886905,63.721171552979676,46.871941272405685,37.38011793642469,1.37396836951649,8.330353803655733,8.442901371833816,23.233919127266617,-22.565944687634342,82.5991202458228,17.942683415349265,90.74969042448949,114.24795385502483,21.983529873608383,0.004167706265677915,0.10197610562350815,0.1020612359990504,0.3145529930647371,-0.2313389876931676,1.4470349134001252,0.5910737896874783,1.3321468106511403,1.1617166243266075,0.7939531022565214,partial_stall
51.06128040682426,3.013589938146761,51.15013275739991,56.298376031603006,45.86161733651822,166.1486436997575,82.1296422512099,54.663809652233226,42.999455028163915,34.153483600489416,51.89672580873664,3.339843268740829,52.00408351972896,57.55053160364663,46.3509756445696,187.16318005614525,89.42947144773754,60.1772340805906,46.00967378623551,35.76020394165828,1.268581659766502,8.5213243946694,8.61523469597223,22.551164316771555,-21.02507097849251,113.20494846228354,68.45775471296058,76.73069131320918,45.72024331893515,90.64895585249748,-0.00860399022149156,0.10546708450626537,0.10581745868231406,0.2987863000663116,-0.2635330275754259,0.796036783057103,0.6926009639889678,1.3356831559936724,0.6196598196947829,0.3476483816147575,partial_stall
61.68063514991835,2.9332679194980966,61.7503426159313,66.71977424339855,56.41076006516108,160.017786688029,81.84820772278343,53.76391489604736,42.82686550993396,31.72456084472108,62.916806111954884,3.163076037439982,62.996266090522774,68.41322176002339,57.55053160364663,172.83171047219872,89.26630811736783,58.69148375844046,44.94160213051266,35.356721013948736,0.7346037675311904,8.833416123873265,8.863909019883675,21.42005342080203,-24.4850829104961,60.67802624831512,99.86788862740829,139.1323594668808,28.55981550851424,114.48166429249832,-0.001220361810907198,0.09595056018494516,0.09595832054988407,0.3129884415974562,-0.3242452770941352,0.8729832718359817,1.5176244730246613,0.21543091443326937,0.6671486244197836,0.9095830763846807,partial_stall
72.49158560865776,3.2359464975227823,72.56377425266815,77.74877215593109,66.83119539735287,180.0266477522237,88.92044014926525,59.66075306747696,43.94989485459837,33.37727431966805,74.06564752573918,3.1893922725731545,74.1342860387512,79.54413925501909,68.5268366170828,176.4303688246242,84.84664170137906,60.602728967424746,44.14032734423009,35.60683058293207,0.11087980701017504,7.722947475257554,7.723743395348504,22.60947830387507,-20.86746715437529,53.21185539527907,132.92280971373611,102.28574065005665,45.54613390298989,121.84275153956277,0.009203901813974784,0.10307260253719125,0.10348271934188381,0.3324633214806388,-0.2492499816774524,1.26666774117159,0.9551301146035218,0.2870041102938996,0.7410424509267305,0.9505040118948967,partial_stall
83.44226135635218,3.33346652989515,83.50881976993638,89.2241617773314,77.87554336748737,183.31045083244328,93.71793652630112,61.69252361444254,44.97789971292345,37.44019274513928,84.37867030181411,3.0226568392463897,84.43279254099137,89.74587391997875,79.54413925501909,164.8097539989282,86.60992375213463,56.686752117735054,41.80211161561888,34.444005159361794,-2.1541372910954752,8.309151540350085,8.58383986275317,20.002282584511374,-21.985296181471043,48.31714604237743,73.52331477796693,56.620587940747484,74.73254908214636,63.76787582391276,0.011041568561343737,0.09283998191715362,0.09349426976383239,0.2476330283635106,-0.2566914364478142,0.23746173527898068,0.6742559109514857,0.5443511191927874,0.24524123173965884,1.421135162345961,partial_stall
95.39479373631316,3.5090194733113758,95.4593101256122,101.40222208121124,89.335814233218,193.0976072018542,97.16513781947783,64.78060481042168,48.44283002388988,39.012475120102266,95.75413139913867,3.4577868406435655,95.81654329936372,101.69314121352616,89.85931956168018,190.89560309326853,95.40896234554907,63.65308201599228,47.55069452964688,38.097167112967256,-0.35842694799726366,2.1535937440568325,2.183216867718679,4.023668935964688,-6.307605036860284,19.478165070584495,12.786833754398321,7.0187843281749265,20.732127108586457,36.95821360821528,-0.0048006780352548295,0.0963775061835973,0.09649699584840721,0.1977059930347764,-0.2832570866620735,0.41082404274213385,0.7454579845333686,1.2825202621074416,0.6878028938987335,0.9729717564597217,partial_stall
107.42446282737286,3.4706409475006854,107.48051247708156,113.4128186095442,101.50850038331036,191.7208841374014,94.73721219853486,64.27564493636157,47.98209044656057,38.64368092930188,107.77886982002983,3.480940991069956,107.83506725488814,113.71694511196144,101.82472595207422,192.63506109409258,95.20505382097357,63.74551695258211,47.72648883356936,38.61939994768111,0.11789580273090033,2.3203721341859933,2.3233652879838815,6.203664206419409,-4.739117362964632,13.257142327131696,13.046875347639551,19.123033911403,25.63906141129464,22.073425857590937,-0.02688958135557879,0.09482023809668576,0.09855925698883117,0.2077229317174277,-0.3275061795252301,0.6119653410982276,0.5921496863278493,1.7144318436640067,0.8529274941508144,0.68004495970042,partial_stall
6.003031980198452,3.4482104707264782,6.922900288586646,11.894913008338731,0.108965125355436,190.59754835270488,95.02921766110094,62.79684160380429,47.54257583794586,37.964878527466055,6.088378567367423,3.44261686836755,6.994280840940531,11.988403092240857,0.122492310117567,189.54815516439376,94.60936713639794,63.72757581339136,47.95132007063509,38.40405686875725,0.12485342566897291,2.0874401091113124,2.091170625995862,5.816164511013104,-4.432345779690473,26.626030702841778,24.824107566120613,13.309320045417095,12.922555738273848,12.128890803834578,-0.010199352772919697,0.09710621741377283,0.09764038230874243,0.1901490849505445,-0.2795991302075554,0.7804493583211374,0.8709611411901114,0.8612758709200392,0.8230953798185646,1.5397814186818997,torque_degradation
17.967633225447752,3.4558276323905823,18.296955712604444,23.85602356464777,12.015744567937675,190.5124587611577,95.62153456598435,63.27326625647878,48.27811614994905,37.750008029217426,18.031292087856897,3.488974362705469,18.365740836166307,24.01043014958829,12.100188141092394,193.2407460171814,95.5262065347157,63.57216916809794,47.92033075943571,38.379587906333626,0.04376788409495453,2.239559305468875,2.2399869442455187,6.725758789602988,-4.752958186175235,24.803669852734643,24.761406823732383,6.238429151960079,15.943138030915646,30.787647525408765,0.01392313306357295,0.10865323324495123,0.10954167576264176,0.25561293745729,-0.2727311819289424,1.3592931941026967,1.0588628756255838,1.3013200703622658,2.6484042923452793,1.070798323644688,torque_degradation
29.659004462892494,3.289355439409409,29.840851277010337,35.272058874968685,24.000341369084182,182.05243395229581,89.616497583124,60.2997565881613,45.41646492987575,36.43532386708358,29.75555429350965,3.2870562602073514,29.936562096736637,35.44773907684519,24.145570582731704,180.5409126226563,91.37005486560248,61.27167102450299,45.780461257072254,36.21895923280295,-0.006241252542105489,2.323861045748321,2.323869426878321,5.3714280589986165,-4.44764602808379,19.5345103672507,37.55530852963789,39.60024909155339,18.739816054709618,15.057348173612327,0.016984954718486486,0.09758189466097394,0.09904905275879447,0.2599938508130228,-0.2631391341849762,0.8891066840559306,1.0758200518636234,0.537741816242951,0.971124057253054,0.5068435803552795,torque_degradation
41.04289720448973,3.29863498766875,41.17524017805096,46.73917285337448,35.393217880940874,181.27463132564827,91.32058277932276,61.11144655005377,45.90829179550124,36.928185237960854,41.21832937253616,3.306317726381227,41.35072445762783,46.913629814306766,35.572526877818746,182.14026059897233,91.67373660413055,60.82342580995307,45.72034101820212,36.39120814412681,0.1398174066821226,2.281438837826794,2.2857191599047733,4.985035028304887,-5.491299338399584,13.141212647245274,32.81472197736496,24.586649570910858,26.15230982852193,29.055401865464077,0.0073505109898126956,0.10127689820943771,0.10154329186478132,0.2907482235718596,-0.3368622581017647,0.5536805304513075,0.4295035219913505,0.7742338721145947,0.3947368492785924,1.6859885916305315,torque_degradation
52.49895686445172,3.2723214865285883,52.600841816141696,58.06704821112409,46.866779275827206,180.62274354287794,89.95770452350583,60.441857992755054,45.140493469612025,36.32191599105671,52.655329947150776,3.315714796334153,52.75962221674775,58.326610672123536,47.02785912974671,183.0932756681522,91.57436574115471,60.69867439928892,46.05166802664886,36.215984402608555,0.05334533592512646,2.1205879426258116,2.121258811949861,4.266251173152291,-5.706638563379574,11.796663235379604,40.03836641983975,6.892644302703945,20.450369283796892,26.57898385391698,0.011870318917659448,0.11030305525951294,0.11093993181352742,0.2329736219772918,-0.341001050546226,0.3489654473787845,1.1764971855961848,1.6742250161157797,0.9898400874191019,0.9521301821361821,torque_degradation
63.7210835360782,3.2660869209311074,63.80473188398281,69.32090481818727,58.17103621803434,180.72937803073282,89.5521512324846,59.84669219093187,44.846104813297806,35.92756731729218,64.05133926386168,3.2636179881814944,64.1344311884583,69.62434788401876,58.42812086192621,179.7746571331026,89.99218768360201,60.481299621470775,45.03722231118777,36.446979094079694,0.0459828552334481,2.1696560546337778,2.170143271395792,5.012373923658799,-5.17957271465497,19.78626467871397,4.087311643516016,12.505551876596892,11.133715123085295,17.837809749747276,-0.0056842124464675965,0.10915225746082965,0.10930016276260444,0.2795343247766628,-0.2655422841477284,0.9414648842768982,0.43542417624664936,0.7838163722081005,0.8202400198016566,0.15789003771954832,torque_degradation
75.00697864020506,3.232552905984993,75.0766025005272,80.59198048327767,69.43420691079471,177.7289690066701,89.23480566231012,60.114725934281104,45.091101589206694,36.06805088089245,75.25452095611908,3.234626431004471,75.32400502152764,80.81640055844443,69.71713792158708,178.67658317632944,88.50333074800292,59.91555977002685,44.52744491578251,35.67212403389003,-0.1448868492116186,2.0887710716079093,2.0937900536253684,4.059703926137002,-5.36052993819256,19.27198272324892,13.381950298751693,12.413176957071189,15.21230897421789,3.7274292721608795,-0.010642781558882018,0.08505332729128527,0.08571661030762108,0.1831175023998927,-0.2230336175057758,0.49311851827453895,0.31961584237157314,0.9936788781119578,0.6429814349950953,0.6504048266861583,torque_degradation
86.43914880460613,3.3321689602859097,86.50335135730138,92.12906635191317,80.70228464837115,183.15914807716257,92.66199081248027,61.7839403371758,46.32425527629044,36.82896698767005,86.5207644473495,3.2633104979726673,86.58228384583023,92.08254673554455,80.94914670021475,180.40883853303995,89.55141761845609,60.26690392630722,44.84792852136335,35.98556036872259,-0.3817238130502446,2.147338166916866,2.181003042764385,4.901997763417839,-4.636960141264676,15.342305511282191,21.0668056908521,8.958378114221105,26.732028574677134,30.11485648816307,-0.0021580077551291246,0.0944529516158518,0.09447760087141098,0.2857101380114903,-0.2331027033928755,1.4169729604815287,0.6196751890297965,0.8030936878980215,1.2755856340395006,2.105428237364464,torque_degradation
98.2392531796995,3.4773181055841693,98.30077622538147,104.17970440657544,92.25797022304408,192.02515923650043,95.75913953748453,63.54659134916912,47.82875960380071,38.64189189817236,98.14065832739261,3.4413134009933763,98.20097481623016,104.0362884882009,92.2015798340708,189.09453165184857,95.77316500410336,63.032261472393884,48.164502718693775,38.30300451134696,-0.1000612073177615,2.075646240570589,2.0780566790164094,4.446367404012667,-4.789909185631423,18.75181981014731,17.516011319796604,11.39011523155891,32.11654289716412,1.9312776061523285,-0.0007724639444620818,0.10485201268771703,0.1048548580906515,0.2291967706135877,-0.3095660737677876,0.6437337042587776,1.602106697343464,0.7184345622714376,0.47682811542293274,1.0448962944802092,torque_degradation
110.25193186308525,3.459529593030784,110.30619576681742,116.13232182458776,104.30878138108466,191.7516502105988,94.09678043938814,63.88787151257697,47.23396053529411,37.97271675605259,110.10907087932065,3.4656364387909915,110.16359709919215,116.03949907802416,104.15757168495593,191.44269629917395,94.59792037238616,64.4484802259734,47.71257969919363,38.223163765378075,0.163362049667125,1.9856635198409816,1.9923721472904405,5.097407081228187,-3.8963905864289967,25.699079648015797,20.706596021915775,16.059167445576136,14.418602740256794,7.998510994180913,-0.007594036295511138,0.09428203713211292,0.09458737713373101,0.3251557778355904,-0.2491043196951204,0.5178294479260911,0.5170695627285549,0.26621784854840774,0.8025675294984299,0.15110140555750226,torque_degradation
6.0443879041471895,3.424338507589068,6.946993547597278,11.901879925719903,0.1141027327067419,188.5309822920381,94.75313282012223,63.14979584148776,47.51603138643089,38.080541969328706,6.146417657748869,3.4890867766953497,7.06768537491571,12.127490801664496,0.1233251327826946,191.9757081035153,96.49145648348171,64.61156134329275,48.2927334281065,38.76346657571579,0.38437257974193784,2.0331851791373428,2.069198939860839,4.7772644568257085,-5.009736110104037,1.5670534337353137,8.01357255928796,15.973558500964135,3.276916356863846,8.451876297771696,0.007119082046988024,0.10642571664698366,0.10666355747403047,0.2768395430271272,-0.2671762190854302,1.3979935984294052,1.3135252806146342,0.5371829817464429,1.1820426643074275,0.9316533396207491,voltage_drop
17.92605459027508,3.4499124361149263,18.25500832622058,23.774727081176504,12.02490184311766,191.2774392498476,94.32851433583558,62.959598839194925,47.24156289326695,37.89965027784273,18.157507698324522,3.4493992083050546,18.482246635973933,24.062382952548575,12.233855589404149,190.33080208607527,94.75919199590025,63.57927213402847,47.72666000846256,38.28146382037219,0.13208423457046745,2.216291028775901,2.220223450298327,5.885192479182793,-4.976064106601983,18.426198995477275,12.840784310168695,10.109364241477852,11.662774193571535,16.700805811430374,-0.013070938245207808,0.11309571438915439,0.11384853991072183,0.2472020483526646,-0.2799204110497957,1.1680254915441575,1.3016124139362053,0.7046817003794618,0.8701756864410725,1.033491355460792,voltage_drop
26.873302663669524,1.756678944633544,26.93065756656726,29.87391624096428,23.89002848623812,96.99347610854953,48.734540657302496,32.22949789159128,24.201570300808843,19.42543888800619,27.151873956567123,1.7475060090634698,27.208050951970474,30.10887301921389,24.178480046855785,96.70275654660631,48.594302353779646,31.826113553101184,23.65792639364121,19.188978667514778,-0.10177648715100514,2.0026452099702334,2.0052297350561905,4.494819001298258,-4.724970302473404,11.480531659307044,5.565476240653576,5.840905131988573,24.050617763335858,12.44387835753646,0.00794474134956395,0.09745750346642292,0.09778079513390808,0.2558674235486359,-0.2450324812006165,0.6759742917687689,0.8563396374770521,0.12529711058575305,0.19992626362400256,0.9650457895096739,voltage_drop
32.93337098046497,1.7538138981265528,32.980036193524626,35.956731788404205,29.925592912178704,96.41839901545559,48.12656671557634,32.85431579697978,24.69335448351399,19.748639006896266,33.21035357557062,1.7588807151343155,33.25689772039009,36.22331678392378,30.16771982074812,96.8195883841759,48.57065808735486,32.30643700956058,24.57977348414622,19.620747466552334,0.05987452638572492,1.9581704030280807,1.9590855739872803,4.4165864448165975,-5.862881088628028,5.948847490837834,4.289371341877222,27.8795495001147,17.240048791597662,13.73650406732051,-0.007817708724718186,0.1025499816361628,0.102847534259611,0.2243195449660061,-0.2247287855841166,1.166911608580544,0.6661527436038122,0.863385214420442,1.0042426909014357,1.0108314059176529,voltage_drop
38.99491580195554,1.7412655147914335,39.03377337632891,41.97735413811725,36.02168994815043,96.11768783113236,48.2254389778123,31.857369547006517,23.98668563013813,19.092525736163992,39.29014909416438,1.746896663540187,39.32896469263783,42.25970224634046,36.28434574162425,96.34353409566215,48.097064440921024,32.463157123169566,23.944238505584178,19.47733654329451,0.017792904116963996,1.62885389045861,1.6289510686018365,4.28995760944316,-4.140554551623842,15.894771035245954,6.5192959188938255,17.81042644994151,9.282261118992112,15.252523024353401,0.00630008150938453,0.10893388535774837,0.1091159127082753,0.301889510298635,-0.2345240187592731,1.1271674754966579,1.098054190840088,0.633665721352721,0.8733471244113351,0.17051788040290647,voltage_drop
45.025541906009465,1.7417456719979,45.05921772418755,47.97156726202559,42.052318726066325,96.2704445494114,48.04944668623727,32.03051042191817,23.976308363531714,19.25272222154804,45.25279895558369,1.7141866684498843,45.2852542142447,48.20674702101805,42.32648944230445,94.42028318801087,47.264887664440266,31.92756956852742,23.670402617523514,19.046381592534665,-0.08449199152691379,1.8397707110838,1.8417098484815608,4.467435585451223,-5.189874145656236,8.9258607014217,13.55142215939173,2.939269022313285,7.855620125086773,29.65786300608647,-0.007699243844228545,0.0917325814008721,0.09205511852276611,0.2257264931186351,-0.2996079345837434,0.5289480920625004,0.2422580347614963,0.3357126889452746,1.001084829740358,0.642461389754493,voltage_drop
50.965654393103684,1.708860739045749,50.994295099969186,53.89348571179249,48.04048077433692,94.66541360786348,46.721301703612134,30.96425786504193,23.411957774514466,18.81389968194114,51.29673314475862,1.7828394983320985,51.327705462073695,54.35336299979236,48.25454306790243,98.55152991070155,48.73554601717607,32.99802860235487,24.635282631201054,19.710471340863418,0.32899053159854225,1.9766195253100973,2.003811248026771,5.976206324701075,-4.6749291962085,4.554505050124405,26.101286758259985,34.185536474699965,13.833000942853758,14.728121940414013,0.004336378493315614,0.10280433629462138,0.10289575180450794,0.270982389627537,-0.3182233182738357,1.0871763311461344,0.30044981152514477,1.0191608614603878,0.4917168906113998,0.9863756078466693,voltage_drop
56.958336466344825,1.7223999579535147,56.984372898440355,59.90685134737819,53.955513301282544,94.56368963124773,47.89148704753098,31.778070990011212,23.84979714777353,19.39061385720412,57.39258351193896,1.7293710863368845,57.418632572790735,60.335514153900185,54.41399988177763,95.15584246979115,48.26216682974292,31.638247571462998,24.158214002019744,18.787305414068882,-0.05293613443369272,1.81086230354506,1.8116358675874416,4.848599051903282,-5.300715456250549,16.203810032263103,25.645247674296574,6.562380774152062,24.220930377095005,38.64707492634425,-0.006408962168909762,0.09881355277146307,0.09902117454060638,0.2609970983137017,-0.2198311324509066,1.34521929332482,0.2053024978534652,1.927599060429227,1.5528646289242,0.4172789742895022,voltage_drop
66.0064971543417,3.4639626631055216,66.09732750964676,71.89876681053188,60.02369189870522,191.0761777028643,95.15449545439829,63.79024161396666,48.17764918065779,38.510514135931864,66.44010697519928,3.5003390031405193,66.53224923308119,72.51878824645019,60.474555940381485,192.4643433112722,97.19679796260593,64.84847668647079,48.51030483895066,38.616459023915695,0.33506032270301456,2.1874010373095576,2.2129140782851864,4.833361543131063,-6.784217679509255,42.7540540088663,10.398302577191437,15.543352632494443,19.13982991520418,26.966293629253542,0.019423437297277694,0.0937910226515009,0.09578113512824762,0.2340674347763222,-0.241031838040707,1.54418914555383,1.3429214761480082,0.19677026360254093,0.2602845940549811,0.41217552969267207,voltage_drop
78.05148816769776,3.4848606413047594,78.12924586146713,83.99214050189562,72.0130955484863,192.12372546293915,95.90588197667951,63.98940377788005,48.50670668286778,39.06372429472505,78.58238195990876,3.4901057221087575,78.65984739652428,84.57518940074203,72.63815609951023,192.5048685489093,96.25193809830729,64.24555242211582,48.729941437965486,38.20491935961624,-0.05585161613835872,2.2253529234254126,2.226053691361306,5.537740437771475,-5.323620325980887,13.374874988780489,33.842161977442395,28.957246759092364,35.80793449489539,43.66953093905489,0.01303356866917,0.09390389764248146,0.09480409223606122,0.267769903286277,-0.1653087857270467,0.9903529592738514,0.8087346210346097,0.5590600508070159,0.847766920139594,0.7937717527386225,voltage_drop
